{"f1_score":{"ambient":0.2827043969,"dimm0_temp":0.3233776108,"dimm10_temp":0.3111630944,"dimm11_temp":0.2921180112,"dimm12_temp":0.3187245689,"dimm13_temp":0.2905785489,"dimm14_temp":0.3100202405,"dimm15_temp":0.3493640026,"dimm1_temp":0.2811405612,"dimm2_temp":0.3057551856,"dimm3_temp":0.3043947645,"dimm4_temp":0.307309277,"dimm5_temp":0.2790131726,"dimm6_temp":0.3052950789,"dimm7_temp":0.2956859706,"dimm8_temp":0.2752321448,"dimm9_temp":0.3127256048,"fan0_0":0.2777510068,"fan0_1":0.2629833616,"fan1_0":0.274721179,"fan1_1":0.2623911973,"fan2_0":0.4957313603,"fan2_1":0.2628472084,"fan3_0":0.2494405123,"fan3_1":0.2633915747,"fan_disk_power":0.2327649388,"gpu0_core_temp":0.4085153889,"gpu0_mem_temp":0.278865299,"gpu1_core_temp":0.3994572321,"gpu1_mem_temp":0.2817038635,"gpu3_core_temp":0.4166576938,"gpu3_mem_temp":0.2688009075,"gpu4_core_temp":0.3972801097,"gpu4_mem_temp":0.2877913272,"gv100card0":0.4957313603,"gv100card1":0.4957313603,"gv100card3":0.4957313603,"gv100card4":0.4957313603,"p0_core0_temp":0.378636102,"p0_core10_temp":0.4018140021,"p0_core11_temp":0.4125875542,"p0_core14_temp":0.4092312751,"p0_core15_temp":0.4135803704,"p0_core16_temp":0.4055168154,"p0_core17_temp":0.4104009201,"p0_core1_temp":0.339273445,"p0_core20_temp":0.4114946731,"p0_core21_temp":0.4144733598,"p0_core2_temp":0.3575935408,"p0_core3_temp":0.382898873,"p0_core4_temp":0.3985112857,"p0_core5_temp":0.3926249576,"p0_core6_temp":0.4077549078,"p0_core7_temp":0.4151102445,"p0_io_power":0.4206039834,"p0_mem_power":0.2770658951,"p0_power":0.4042173956,"p0_vdd_temp":0.4073133884,"p1_core10_temp":0.4110697886,"p1_core11_temp":0.4129534662,"p1_core12_temp":0.4044174136,"p1_core13_temp":0.4086972076,"p1_core14_temp":0.4086972076,"p1_core15_temp":0.4106061266,"p1_core16_temp":0.3957738795,"p1_core17_temp":0.4080578954,"p1_core20_temp":0.4075091052,"p1_core21_temp":0.4089492078,"p1_core2_temp":0.3950430108,"p1_core3_temp":0.397354941,"p1_core6_temp":0.4022499236,"p1_core7_temp":0.4093433871,"p1_core8_temp":0.4038912107,"p1_core9_temp":0.4073641423,"p1_io_power":0.4106238727,"p1_mem_power":0.2628855675,"p1_power":0.4098258323,"p1_vdd_temp":0.4103877948,"pcie":0.3770953384,"ps0_input_power":0.0166481687,"ps0_input_voltag":0.291616391,"ps0_output_curre":0.3912774682,"ps0_output_volta":0.4683086434,"ps1_input_power":0.0166481687,"ps1_input_voltag":0.3294915616,"ps1_output_curre":0.3946272929,"ps1_output_volta":0.4689476238,"total_power":0.0166481687,"boottime":0.0166481687,"bytes_in":0.4957313603,"bytes_out":0.0166481687,"cpu_aidle":0.5170483668,"cpu_idle":0.4485865075,"cpu_nice":0.0175946256,"cpu_num":0.4957313603,"cpu_speed":0.4957313603,"cpu_steal":0.4957313603,"cpu_system":0.5312362368,"cpu_user":0.4463166104,"cpu_wio":0.0192083872,"load_fifteen":0.447950313,"load_five":0.4474054024,"load_one":0.4463166104,"mem_buffers":0.4957313603,"mem_cached":0.4957313603,"mem_free":0.4957313603,"mem_shared":0.4957313603,"mem_total":0.4957313603,"part_max_used":0.5186220356,"pkts_in":0.4880809315,"pkts_out":0.2901952199,"proc_run":0.4435093806,"proc_total":0.5025422842,"swap_free":0.0166481687,"swap_total":0.4957313603,"all":0.5223276272}}